date,tweet_us,AL,AK,AZ,AR,CA,CO,CT,DE,DC,FL,GA,HI,ID,IL,IN,IA,KS,KY,LA,ME,MD,MA,MI,MN,MS,MO,MT,NE,NV,NH,NJ,NM,NY,NC,ND,OH,OK,OR,PA,RI,SC,SD,TN,TX,UT,VT,VA,WA,WV,WI,WY
1/22/20,5070,21,15,94,22,607,125,41,22,19,277,282,16,15,140,52,22,26,57,40,20,161,208,97,108,26,77,8,30,52,8,109,34,423,134,3,122,33,76,180,11,27,9,82,433,18,7,125,462,26,67,1
1/23/20,29788,150,85,642,181,4008,561,277,126,97,1972,1167,97,110,840,364,129,192,321,252,146,628,921,692,532,136,469,89,163,366,70,622,139,2254,717,16,755,217,499,975,56,271,91,559,3170,158,27,743,2238,127,319,52
1/24/20,104594,583,304,2359,582,15121,1715,868,265,341,7249,3519,453,484,4320,1380,489,604,975,985,490,1803,2862,2553,1607,488,1471,324,482,1230,244,2100,452,7649,2823,66,2726,705,1630,3402,194,979,335,2009,12642,485,137,2218,6155,404,1124,209
1/25/20,189463,1084,600,4419,1079,29343,3425,1659,423,564,13315,6089,925,1039,7555,2516,899,1021,1836,1916,850,3176,5004,4492,2861,865,2586,595,865,2271,472,3762,847,13378,4916,118,4880,1306,2962,6029,375,1782,720,3463,22660,910,235,4046,10347,689,1941,353
1/26/20,297655,1619,1047,8441,1638,51612,5122,2678,619,833,20624,9067,1511,1691,10987,3844,1368,1552,2799,3129,1303,5104,7375,6849,4233,1407,3951,895,1264,3584,718,5821,1351,20512,7306,202,7607,2070,4538,9169,581,2699,1025,5078,34781,1430,403,6469,15245,1025,2997,482
1/27/20,399158,2104,1468,12270,2161,68828,7005,3634,855,1118,27400,12061,2095,2179,14196,5055,1824,2056,3735,4201,1792,7040,10019,9080,5572,1843,5258,1219,1712,4771,1017,7866,1880,28101,9581,302,10190,2819,6104,12359,775,3549,1273,6564,45741,2001,584,9042,20772,1384,4067,636
1/28/20,503996,2613,1899,15383,2721,87405,8836,4591,1081,1409,34718,15185,2612,2607,17349,6341,2341,2822,4634,5208,2363,9205,12667,11324,6887,2291,6582,1540,2081,5994,1379,10102,2418,35585,11918,408,13945,3782,7633,15559,973,4488,1514,8083,56658,2597,802,11468,26326,1784,5115,770
1/29/20,682275,3413,2709,20252,3682,122776,11674,5988,1458,1856,47391,20480,3800,3262,22855,8558,3079,3948,6074,7290,3151,12451,16911,15049,9311,3020,8747,2002,2688,9243,1839,13672,3262,47749,15693,541,18938,5322,10425,20584,1405,6153,1771,10534,75938,3528,1060,15277,35445,2305,6753,963
1/30/20,879176,4477,3506,25056,5073,155985,15114,7676,1963,2368,62101,26392,4967,4060,29832,11123,4015,5153,7892,9475,4099,16219,22206,19559,11849,3840,11274,2577,3457,12012,2471,17841,4296,62137,20454,706,24641,6933,13420,26645,1829,8083,2048,13707,95644,4670,1363,19830,46246,2940,8790,1162
1/31/20,1061754,5491,4135,29592,6244,186232,18302,9439,2403,2859,75887,32102,5983,4859,35919,13540,4859,6220,9648,11578,4992,19401,26719,23766,14315,4588,13648,3128,4242,14480,2960,21417,5108,75862,24666,876,29897,8597,16311,32473,2243,9894,2302,16763,114231,5704,1662,24186,56276,3608,10763,1384
2/01/20,1120017,5850,4372,31035,6561,195073,19271,9972,2566,3021,80887,33932,6292,5143,37591,14391,5122,6551,10135,12097,5313,20347,28663,25133,15093,4839,14282,3301,4457,15151,3163,22879,5370,80524,26098,976,31535,9079,17188,34404,2408,10553,2406,17798,120117,6097,1750,25686,58944,3823,11338,1440
2/02/20,1225177,6644,4822,33537,7195,212177,21081,10986,2850,3319,89445,37184,6908,5671,40645,15693,5534,7185,11051,13255,5853,22071,31857,27407,16523,5425,15502,3685,4919,16519,3521,25197,5876,89170,28574,1104,34491,9975,18762,37654,2664,11615,2558,19582,130711,6677,1932,27930,64024,4173,12406,1638
2/03/20,1331975,7311,5233,35857,7856,229133,22966,12021,3104,3601,97772,40379,7470,6198,43840,17078,5920,7739,12044,14411,6454,24227,34769,29902,17931,6010,16807,4096,5350,18008,3831,27511,6430,98175,31162,1236,37426,10772,20422,41031,2868,12622,2684,21220,141653,7262,2170,30335,69940,4509,13464,1765
2/04/20,1425755,7866,5521,37964,8409,244415,24675,12997,3347,3838,104859,43113,8027,6544,46774,18174,6267,8195,12854,15275,6941,25969,37141,32010,20220,6473,17906,4499,5811,19190,4068,29558,6991,105920,33173,1309,39979,11456,21844,44079,3032,13489,2825,22855,150917,7818,2382,32336,75416,4803,14326,1905
2/05/20,1543147,8520,5965,40622,9089,264071,26749,14119,3603,4198,113489,46567,8735,7070,50164,19540,6799,8843,13834,16433,7555,28179,40099,34634,22490,6977,19304,4923,6599,20582,4422,32170,7655,115062,35611,1419,43183,12436,23562,47811,3260,14587,2977,24833,162351,8560,2676,34888,82788,5133,15970,2041
2/06/20,1630998,8960,6359,42593,9549,279713,28157,15041,3782,4428,120113,49200,9221,7425,52790,20486,7197,9245,14594,17306,7984,29628,42291,36531,23681,7388,20365,5256,7053,21604,4629,34091,8117,121695,37504,1494,45318,13112,25025,50554,3450,15487,3101,26310,171410,9155,2869,36917,88053,5472,17093,2202
2/07/20,1791374,9908,6997,46287,10377,304891,30785,16535,4176,4922,133105,54450,10095,8095,57728,22280,7889,10063,15998,19144,8744,32608,46233,40081,25769,8080,22409,5746,7907,23392,5111,38131,8847,133955,41204,1638,49564,14462,27457,55780,3822,17139,3369,29150,189164,10047,3265,40781,96603,5978,18783,2430
2/08/20,1891410,10572,7435,48754,11111,320772,32311,17377,4409,5164,141051,57931,10659,8535,60888,23496,8280,10527,16926,20267,9158,34467,48448,42225,26959,8655,23707,6126,8535,24713,5355,40425,9335,140862,44369,1724,52148,15445,28830,58854,3991,18124,3650,30867,200903,10689,3473,42983,101257,6302,19728,2638
2/09/20,2029934,11584,8261,52312,12025,341656,34797,18477,4695,5456,152727,62255,11535,9325,64912,25308,8984,11283,18364,21615,9756,36397,51616,45553,28873,9373,25535,6778,9157,26445,5811,43515,9959,150556,48287,1866,55822,16811,31100,63040,4315,19608,4020,33551,216715,11527,3789,46121,107477,6796,21318,2876
2/10/20,2205620,12738,8991,56920,13093,367932,38207,20043,5107,5910,166991,67469,12573,10087,70294,27564,9796,12225,20058,23129,10676,39295,55866,49931,31379,10167,28201,7672,9843,28527,6341,47177,10881,162720,53189,2016,60524,18535,34196,69072,4719,21456,4436,36691,235193,12717,4309,49935,116877,7374,23454,3124
2/11/20,2372125,13875,9788,61196,14157,393452,41428,21549,5475,6330,179630,72486,13396,10932,75150,29749,10640,13198,21722,24905,11586,42102,59852,53928,34052,10846,30634,8480,10606,30441,6911,50496,11797,174241,57430,2169,65317,20224,37347,74612,5141,23175,4954,39677,252004,13882,4693,54190,125530,7956,25407,3387
2/12/20,2528807,14845,10460,64824,15133,416898,44490,22981,5855,6708,192156,78266,14136,11676,79474,31537,11282,14058,23278,26647,12398,44872,63658,57468,36480,11588,32942,9094,11334,32393,7349,53814,12535,185759,61214,2305,69283,21774,40065,79768,5505,24711,5264,42651,269190,14826,5057,57704,134018,8440,27017,3627
2/13/20,2661753,15650,10974,67841,15948,436101,46950,24187,6216,7026,203082,82766,14749,12310,83320,33228,11896,14757,24641,27862,12999,46994,66906,60448,38826,12192,34829,9640,11965,34067,7706,56589,13091,195356,64518,2443,73062,23030,42097,84202,5741,26090,5685,45206,284828,15690,5384,60928,140684,8861,28384,3808
2/14/20,2754229,16138,11310,69783,16569,451359,48721,25059,6447,7289,210092,85649,15434,12843,85972,34274,12295,15288,25335,28745,13445,48801,69396,62422,40038,12550,35904,10090,12427,35140,8023,58382,13531,202073,66467,2510,75563,23679,43759,87245,5907,26913,5775,46922,294967,16459,5667,63034,146126,9175,29260,3977
2/15/20,2877523,16888,11882,72693,17441,471219,51163,26247,6731,7615,219788,89413,16480,13421,89376,35666,12819,16006,26429,29967,14115,50695,72588,64946,41862,13034,37542,10618,13031,36694,8377,60992,14117,211337,69495,2586,78899,24751,45935,91383,6109,28037,6147,48922,307591,17241,6121,65834,153114,9551,30450,4165
2/16/20,2973001,17477,12272,75006,18168,485902,52842,27168,6999,7828,227758,92419,17120,13928,92133,36760,13254,16510,27389,30970,14546,52665,74831,67289,43198,13535,38807,11018,13375,37884,8665,63044,14672,218360,72311,2666,81351,25494,47601,94550,6280,29040,6372,50665,317218,17935,6429,67835,157891,9788,31429,4354
2/17/20,3141665,18529,13072,78750,19382,511782,56228,28816,7425,8320,241448,97945,18012,14674,97155,38852,14014,17504,29035,32620,15380,55321,78727,71011,45456,14217,41181,11786,14339,40320,9211,66456,15508,231278,76183,2796,85777,26896,50815,99712,6592,30636,6746,53523,335752,19065,6891,71725,166597,10336,33345,4524
2/18/20,3239993,19126,13485,81434,19970,528014,58085,29712,7666,8579,249237,101342,18657,15140,100145,40051,14458,18028,29899,33666,15763,56820,81106,73119,46677,14662,42422,12171,14763,41629,9521,68607,15936,238473,78342,2890,88227,27591,52508,102717,6762,31653,6894,55301,346378,19708,7179,74003,171865,10711,34263,4638
2/19/20,3391041,20106,14095,84942,20952,550670,60735,31100,7972,9025,261537,106514,19357,15756,104389,41891,15202,18960,31235,35264,16531,59400,84678,76423,48495,15326,44554,12707,15519,43569,9987,71875,16640,249815,82174,3026,92185,28843,54960,107581,7026,33259,7308,58077,363582,20718,7625,77771,179787,11227,35843,4828
2/20/20,3504450,20734,14605,87626,21566,567223,62810,32160,8225,9358,270355,110207,20088,16292,107801,43237,15672,19640,32320,36230,17091,61307,87421,78828,50377,15850,46153,13109,16119,45155,10321,74122,17193,258261,84750,3141,95064,29711,56846,111176,7298,34329,7672,60148,375449,21563,8034,80853,187530,11496,36949,4985
2/21/20,3658804,21570,15229,91360,22462,590863,65992,33590,8579,9894,281807,115519,20874,16932,112539,45127,16500,20602,33670,37666,17957,63947,91197,82652,52757,16380,48237,13759,17009,46981,10777,76932,18031,269539,88320,3269,99172,30873,59782,116324,7648,35827,8200,62764,391035,22537,8616,84807,196870,12008,38667,5155
2/22/20,3727729,22096,15546,93165,22852,602152,67322,34305,8718,10071,287248,117762,21304,17263,114549,45912,16805,21031,34398,38269,18362,64927,92745,84305,53738,16736,49318,14057,17281,47872,10939,78285,18413,274245,89959,3340,100951,31511,61077,118586,7791,36506,8373,63985,397672,23003,8902,86588,200654,12194,39420,5226
2/24/20,3851639,23038,16084,96413,23490,621560,70018,35445,9070,10405,297156,121816,21928,17861,118305,47444,17391,21765,35630,39445,19018,66833,95887,87399,55648,17240,51096,14513,17797,49452,11297,80905,19049,282941,92957,3430,104085,32511,63491,122312,8039,37790,8561,66191,409530,23907,9164,89474,208160,12572,40712,5414
2/25/20,3969748,23863,16587,99581,24268,639507,72725,36718,9378,10756,306161,125036,22521,18444,122041,49020,18050,22682,36904,40459,19690,68857,98772,90442,57506,17699,52850,15052,18335,50840,11725,83253,19737,290562,96061,3568,107425,33448,66114,126183,8272,39092,8783,68309,419994,24652,9429,92540,214925,13012,42341,5579
2/26/20,4191936,25421,17453,105365,25874,671471,77861,38972,10076,11426,324499,131316,23561,19556,128851,52144,19356,24316,39232,42697,20946,72423,104292,96106,60860,18611,56408,15830,19485,53460,12537,87819,20965,305084,101561,3804,114049,35444,70706,133885,8818,41632,9079,72721,440210,26002,9979,97978,226849,13804,45281,5861
2/27/20,4462109,27198,18386,112442,27607,712467,83998,41810,10915,12014,345493,138772,24692,20752,137483,56547,20933,26367,42094,45246,22436,76888,110934,103249,65013,19715,60592,16911,20762,56548,13532,93178,22288,322388,108634,4120,122523,37673,76546,143372,9551,44399,9423,77913,464854,27685,10694,104731,240476,14839,48778,6248
2/28/20,5103277,31508,20940,131390,31915,818583,98594,47780,12713,13312,392963,155482,27696,24224,156915,65411,24765,30745,48396,51872,25342,86656,124908,119043,75485,22339,70476,19473,24128,64672,15858,105108,26168,360852,124580,4702,140867,43365,91934,164040,10943,50967,10193,90513,527142,32279,12482,119553,272786,16953,56902,7364
2/29/20,6132649,37908,24535,159032,38625,966406,121694,58327,15328,15346,472899,183161,31833,28858,189223,79490,30877,37779,59580,61624,30597,104524,150946,146267,92537,26268,86348,23536,29304,77230,19461,126178,31918,424560,152312,5759,172219,51907,121951,200935,13562,62160,11625,110829,620506,39626,14968,145022,327017,20977,70310,8765
3/01/20,6486378,40319,25858,168483,41080,1015814,128944,61803,16313,15915,501945,193797,33381,30554,199893,84345,32820,40173,63005,65403,32270,110506,159076,155364,97960,27675,91832,24907,31065,81465,20735,133492,33651,446278,162175,6064,182494,55064,129862,213129,14708,66285,12054,117708,656469,42094,15845,153574,346359,22419,74652,9302
3/02/20,6575604,40864,26162,170609,41588,1028271,130644,62695,16538,16115,509987,196417,33762,31022,202544,85505,33242,40700,63775,66431,32661,112056,161070,157439,99180,28047,93104,25173,31471,82465,21002,135489,34080,453408,164448,6143,184887,55750,131718,215886,15015,67263,12191,119432,665817,42612,16018,155545,351598,22692,75663,9410
3/03/20,6970782,43227,27373,180910,43545,1083442,138655,66488,17683,17003,541186,209647,35498,32833,214426,90425,35385,43148,67392,70511,34378,118977,170611,166968,104642,29512,98442,26585,33043,87044,22251,143381,36054,482703,176422,6496,196569,58829,140476,228949,16152,71604,12825,126418,704210,45099,16942,164608,377192,24017,80535,10071
3/04/20,7345866,45346,28499,190396,45829,1138541,146120,69974,18716,17786,570258,221774,37131,34531,226126,95380,37264,45441,70828,74607,35821,125625,179271,175968,109592,31047,103432,27797,34698,91566,23498,151164,37825,510316,187029,6862,207681,61875,147849,241296,17147,75647,13250,133051,741883,47646,17667,173715,400309,25440,84790,10562
3/05/20,7428800,45808,28757,192320,46260,1152258,147852,70808,18929,17931,576520,224311,37515,34842,228688,96412,37709,45949,71573,75555,36151,127051,181216,177870,110850,31366,104496,28030,35026,92646,23756,153073,38213,516122,189222,6933,210047,62550,149400,243862,17368,76510,13359,134568,750486,48199,17842,175512,405089,25717,85633,10640
3/06/20,7545703,46360,29103,195087,46804,1171160,150726,71951,19226,18217,584534,227561,38035,35257,232196,98067,38378,46671,72796,76704,36691,129948,184233,180617,112681,31777,105962,28369,35614,94282,24105,155412,38757,524416,192045,7030,213332,63436,151848,247793,17632,77571,13506,136663,761283,48929,18102,178245,412821,26121,86887,10762
3/07/20,7660453,46860,29471,197744,47390,1189062,153319,73208,19563,18512,592915,230796,38591,35727,235662,99549,39019,47382,74001,77920,37178,132417,187216,183464,114608,32172,107447,28740,36173,95745,24468,157817,39302,532552,195031,7130,216670,64348,154229,251485,17929,78750,13637,138555,771969,49714,18337,180984,420063,26486,88261,10885
3/08/20,7765907,47335,29847,200280,47971,1206851,155562,74123,19909,18785,600646,233783,39129,36171,238863,100858,39584,48100,75089,79057,37660,134460,189724,185984,116183,32545,109092,29040,36706,97079,24833,159988,39828,539983,197711,7207,219536,65094,156476,254803,18156,79763,13746,140386,781858,50397,18626,183654,426132,26819,89490,11005
3/09/20,7849529,47758,30111,202460,48515,1220132,157156,74929,20149,18953,606865,236174,39501,36504,241577,101991,40065,48635,75964,79884,38075,136006,191764,188132,117487,32815,110417,29348,37124,98028,25106,161759,40256,546075,199778,7276,221904,65787,158063,257579,18357,80645,13828,141871,789689,50992,18811,185660,430875,27102,90500,11097
3/10/20,7913275,48098,30283,203964,48905,1229943,158511,75628,20329,19127,611431,238225,39733,36719,243742,102828,40442,49013,76631,80673,38342,137316,193678,189581,118362,33063,111350,29522,37417,98686,25295,163238,40545,550792,201476,7331,224125,66255,159246,259791,18539,81256,13918,143174,795523,51370,18958,187088,434098,27324,91238,11153
3/11/20,8011236,48531,30558,206155,49439,1245380,160436,76620,20585,19357,618078,241278,40149,37106,246910,104208,41043,49645,77565,82041,38737,139222,196260,192710,119682,33474,112683,29793,37846,99780,25565,165318,40970,557958,203924,7407,227404,66968,160992,262996,18779,82242,14033,144951,805264,51939,19134,189425,439389,27681,92385,11241
3/12/20,8081992,48855,30736,207873,49841,1257271,161741,77219,20764,19497,623086,243603,40457,37329,249338,105194,41430,50102,78269,83063,38992,140682,197860,194499,120619,33835,113680,29940,38164,100623,25728,166730,41272,562596,205706,7474,229688,67593,162237,265109,18939,82988,14113,146309,813111,52502,19255,191084,442549,27920,93199,11328
3/13/20,8180677,49343,31046,210281,50409,1273289,163673,78085,21040,19676,629988,246695,40971,37721,252657,106553,42012,50759,79233,84477,39420,142459,200263,197144,121969,34322,115007,30168,38595,101961,26004,168707,41730,568919,208250,7572,232788,68380,164035,268252,19211,83972,14235,148077,824552,53129,19453,193287,446926,28261,94284,11437
3/14/20,8264723,49686,31306,212385,50899,1287568,165186,78865,21268,19844,635919,249302,41432,38077,255537,107670,42458,51263,80047,85735,39734,143983,202231,199325,123111,34705,116118,30416,38929,103026,26254,170366,42092,574467,210316,7649,235417,69044,165589,270752,19419,84783,14338,149596,834195,53682,19573,195155,450647,28535,95287,11542
3/15/20,8333665,49989,31510,214163,51287,1298975,166520,79464,21424,19990,640733,251362,41756,38410,257930,108630,42871,51705,80664,86645,40004,145281,204099,201075,124172,35011,117091,30605,39227,103830,26474,171736,42375,579372,212002,7724,237661,69592,166956,273015,19603,85445,14418,150821,841113,54205,19719,196707,453834,28756,96103,11611
3/16/20,8418660,50403,31738,216267,51738,1313534,168188,80273,21661,20186,646446,253892,42152,38746,260858,109857,43426,52228,81504,87845,40348,146844,206183,203034,125390,35438,118342,30809,39614,104954,26676,173453,42743,585250,214106,7821,240278,70347,168514,275580,19826,86346,14512,152338,849971,54825,19891,198566,457993,29002,97022,11702
3/17/20,8505408,50795,31978,218393,52235,1327746,169805,81077,21889,20377,652747,256734,42568,39056,263721,111008,43937,52798,82333,89181,40664,148573,208246,205115,126639,35846,119566,30997,39964,106030,26883,175266,43095,591210,216293,7900,242995,71080,169931,278217,20049,87258,14622,153929,860046,55315,20060,200527,461653,29321,97950,11790
3/18/20,8577648,51143,32168,220185,52629,1339268,171139,81728,22074,20531,658142,259092,42923,39407,266123,112004,44404,53289,83160,90183,40915,149894,209942,206888,127625,36185,120598,31175,40280,107072,27065,176810,43422,596127,218153,7963,245193,71728,171162,280395,20245,88018,14704,155306,867848,55825,20186,202190,464959,29565,98725,11893
3/19/20,8650100,51499,32382,221921,53057,1350686,172522,82406,22266,20678,663413,261227,43276,39707,268611,113013,44837,53791,83910,91144,41227,151325,211829,208713,128670,36526,121642,31384,40586,107968,27285,178271,43750,600979,220064,8051,247432,72384,172365,282693,20424,88802,14786,156657,875923,56268,20324,203905,468156,29827,99551,11987
3/20/20,8760764,52053,32662,224671,53684,1369378,174789,83500,22548,20887,671190,264570,43768,40158,272575,114491,45509,54465,85028,92620,41654,153337,214503,211391,130236,37041,123266,31723,41055,109347,27620,180527,44268,608463,222912,8161,250612,73362,174287,286111,20678,89929,14913,158700,887736,56996,20539,206365,473225,30186,100936,12139
3/21/20,8833073,52398,32848,226490,54074,1380650,176241,84137,22727,21039,676740,266702,44130,40452,275105,115551,45955,54909,85824,93483,41973,154713,216239,213209,131398,37396,124386,31923,41379,110211,27852,182111,44605,613506,224738,8239,252755,73934,175626,288484,20885,90755,14989,160062,895240,57406,20716,207998,476455,30440,101778,12217
3/22/20,8907039,52799,33102,228414,54497,1392407,177687,84843,22956,21166,682372,268842,44507,40756,277548,116555,46469,55419,86595,94531,42301,156097,218057,215067,132500,37706,125497,32156,41688,111124,28105,183662,44909,618512,226563,8308,255243,74520,176937,290908,21050,91495,15087,161433,902875,57814,20872,209661,479715,30684,102705,12323
3/23/20,8983667,53180,33349,230386,54923,1404251,179185,85556,23152,21325,688038,271172,44885,41111,280035,117591,46915,55887,87375,95571,42624,157551,219882,217134,133611,38073,126623,32350,42005,112010,28346,185230,45250,623750,228538,8376,257523,75174,178348,293453,21249,92313,15199,162902,910954,58344,21036,211526,483373,30948,103668,12417
3/24/20,9068545,53666,33582,232505,55447,1416568,180917,86348,23409,21482,694476,273791,45326,41461,282679,118747,47400,56449,88305,96746,42987,159021,221953,219386,134834,38492,127990,32632,42382,113031,28632,186981,45672,629300,230817,8455,260197,75904,179948,296291,21474,93264,15329,164572,919951,58951,21238,213489,487529,31217,104776,12546
3/25/20,9171865,54262,33878,235168,56004,1431485,183200,87327,23679,21724,702434,276781,45823,41980,285964,120178,47971,57179,89348,98005,43402,160830,224596,221939,136576,38974,129602,32985,42882,114337,28958,189098,46191,636472,233539,8559,263323,76799,181932,299842,21749,94382,15451,166544,930608,59600,21478,215923,492636,31568,106016,12684
3/26/20,9250402,54718,34141,237180,56501,1443151,184960,88122,23928,21905,708248,279014,46201,42373,288658,121282,48461,57725,90127,99011,43768,162316,226536,223918,137840,39326,130745,33238,43247,115293,29253,190736,46548,642112,235541,8635,265597,77432,183429,302433,21973,95262,15525,167998,938340,60113,21652,217788,496547,31807,106959,12789
3/27/20,9331721,55167,34380,239311,56962,1455938,186629,88842,24162,22094,714382,281365,46633,42715,291427,122466,48944,58247,90935,99997,44137,163694,228481,226117,139043,39725,131880,33494,43646,116292,29511,192408,46966,647688,237663,8707,267986,78125,185047,305111,22168,96148,15616,169491,946407,60673,21812,219582,500595,32086,107930,12896
3/28/20,9414189,55611,34628,241388,57445,1468510,188285,89629,24389,22243,720667,283799,46996,43086,294193,123626,49443,58771,91787,101055,44538,165148,230523,228564,140240,40112,133090,33773,44030,117208,29764,194146,47368,653420,239769,8779,270484,78834,186590,307910,22412,97019,15694,171081,954870,61202,22004,221420,504409,32327,108907,13003
3/29/20,9518121,56221,34927,244040,58045,1483923,190346,90638,24659,22458,728774,286847,47473,43576,297638,125165,50070,59437,92799,102323,45052,167017,233153,231493,141820,40587,134553,34128,44529,118481,30118,196380,47909,660713,242472,8885,273774,79705,188524,311534,22705,98074,15805,173048,965066,61900,22210,223836,509282,32636,110223,13150
3/30/20,9629617,56829,35225,247229,58666,1500162,192510,91628,24976,22675,737234,290085,47966,44074,301493,126729,50777,60123,93951,103767,45552,169296,235861,234453,143460,41144,136112,34475,45039,119811,30475,198731,48426,668346,245309,8976,277304,80657,190508,315280,23017,99288,15931,175194,976413,62658,22427,226690,514800,33001,111572,13312
3/31/20,9733078,57410,35491,249907,59244,1515366,194531,92634,25199,22885,745388,293094,48447,44554,304992,128239,51372,60757,95029,105049,46042,171236,238430,237198,145050,41634,137678,34787,45574,121069,30798,200944,48932,675499,247977,9090,280549,81558,192424,318842,23310,100456,16053,177238,986484,63331,22663,229222,519818,33340,112808,13456
4/01/20,9862234,58109,35847,253397,59991,1534489,197190,93893,25594,23167,755537,296982,48964,45155,309325,130075,52132,61618,96331,106573,46613,173603,241654,240610,147030,42271,139619,35253,46148,122675,31239,203627,49549,684432,251223,9222,284555,82591,194809,323169,23694,101879,16216,179766,998824,64195,22949,232388,526246,33743,114418,13655
4/02/20,9985926,58823,36192,256757,60686,1552647,199827,95103,25946,23422,765005,300828,49516,45706,313330,131751,52929,62392,97635,108080,47205,175913,244989,243921,148892,42823,141560,35644,46722,124149,31617,206170,50059,692931,254298,9340,288360,83663,197019,327246,24029,103236,16364,182289,1011195,64991,23208,235375,532261,34113,115945,13824
4/03/20,10101789,59534,36575,259850,61393,1569314,202269,96282,26270,23635,773959,304251,50087,46252,316967,133340,53683,63156,98887,109617,47780,177940,248037,247022,150639,43372,143337,36034,47289,125630,31993,208481,50552,700725,257188,9471,291906,84709,199191,331248,24358,104522,16505,184564,1022529,65809,23446,238167,538116,34570,117299,14039
4/04/20,10221363,60322,36949,262970,62243,1586723,204779,97478,26614,23856,783629,307948,50659,46785,320783,134952,54512,63907,100098,111157,48366,179969,250972,250207,152447,43948,145161,36453,47909,127096,32380,211050,51096,708867,260278,9604,295380,85776,201465,335332,24683,105867,16650,186895,1034381,66564,23691,240930,543668,34970,118764,14180
4/05/20,10338033,61001,37302,266164,62983,1603731,207239,98650,26929,24083,792960,311278,51265,47361,324459,136654,55299,64610,101309,112583,48930,181975,253877,253278,154255,44522,146866,36852,48511,128516,32754,213432,51605,716828,263309,9711,298910,86820,203709,339280,24997,107145,16781,189107,1046117,67399,23938,243616,549026,35388,120366,14353
4/06/20,10458544,61712,37670,269292,63690,1621326,209698,99774,27265,24329,802695,314819,51799,47971,328450,138249,56092,65360,102485,114112,49469,184161,256974,256469,156095,45145,148604,37263,49131,130024,33105,215948,52129,724917,266403,9830,302527,87902,205778,343363,25311,108444,16950,191417,1058300,68210,24202,246447,554918,35794,122012,14514
4/07/20,10588890,62369,38028,272667,64453,1640773,212283,101068,27639,24578,812592,318636,52424,48538,332879,140049,56949,66139,103838,115726,50104,186561,260333,259910,158203,45734,150577,37735,49747,131581,33520,218619,52765,733707,269830,9953,306475,88976,208266,347804,25638,109834,17113,193848,1070842,69007,24492,249610,561447,36213,124110,14708
4/08/20,10714251,63109,38410,275979,65133,1659588,214801,102215,27961,24827,822336,322495,52950,49104,337048,141746,57630,66967,105073,117307,50664,188980,263461,263175,160205,46391,152382,38136,50303,133142,33933,221301,53344,742356,273045,10077,310180,90050,210459,351902,25994,111319,17291,196337,1083427,69800,24739,252565,567257,36687,125792,14878
4/09/20,10833548,63795,38727,279100,65862,1676819,217264,103413,28323,25059,831536,326113,53484,49638,341076,143387,58395,67766,106371,118820,51223,191211,266498,266494,162125,46956,154147,38518,50869,134717,34319,223744,53877,750666,276143,10178,313735,91071,212738,355924,26306,112600,17451,198575,1095014,70580,24992,255367,573015,37096,127408,15043
4/10/20,10946754,64463,39069,282117,66501,1693871,219671,104511,28634,25297,840406,329427,53959,50112,344889,145030,59122,68540,107522,120179,51725,193273,269313,269526,163916,47468,155756,38911,51424,136109,34705,226163,54431,758422,278968,10282,317296,91986,214807,359810,26622,113842,17581,200720,1105889,71291,25239,258016,578410,37457,128870,15206
4/11/20,11052472,65067,39433,284918,67136,1709664,221810,105545,28955,25524,848773,332615,54469,50583,348388,146431,59741,69174,108663,121424,52200,195083,271931,272460,165527,48007,157299,39344,51916,137497,35030,228371,54927,765600,281650,10388,320401,92816,216805,363390,26885,115063,17725,202764,1116768,71905,25453,260510,583068,37841,130174,15361
4/12/20,11150165,65671,39708,287503,67696,1724593,223810,106489,29237,25711,856766,335583,54919,51006,351510,147842,60345,69818,109758,122609,52655,196812,274234,275226,166981,48542,158769,39716,52406,138750,35325,230403,55392,772096,284122,10491,323329,93641,218596,366568,27124,116159,17863,204670,1126445,72520,25671,262717,587302,38158,131409,15499
4/13/20,11258003,66247,40022,290320,68246,1740131,226078,107584,29496,25944,865430,338697,55381,51509,355066,149336,60952,70506,110924,123843,53177,198827,276928,278266,168697,49011,160340,40065,52894,140031,35705,232731,55895,779867,286851,10583,326774,94545,220581,370452,27412,117294,18008,206759,1136539,73167,25893,265404,592576,38548,132814,15657
4/14/20,11368530,66886,40353,293133,68857,1756418,228530,108561,29801,26225,874398,341882,55914,52027,358715,150894,61617,71226,112057,125158,53659,200812,279647,281304,170519,49576,162026,40426,53395,141410,36077,235009,56473,787397,289675,10682,330277,95515,222450,374250,27714,118470,18144,208848,1147194,73811,26089,268066,597943,38930,134295,15795
4/15/20,11483637,67542,40721,296132,69527,1772851,230810,109793,30107,26539,883728,345273,56401,52553,362490,152603,62291,71978,113313,126569,54231,203085,282568,284829,172352,50150,163642,40849,53983,142719,36453,237530,57035,795236,292693,10786,333941,96440,224368,378273,27988,119750,18322,211087,1157845,74521,26307,270896,603492,39338,135769,15938
4/16/20,11601714,68198,41040,299323,70203,1789759,233414,111046,30419,26812,892969,348541,56927,53094,366425,154303,63129,72768,114574,128020,54784,205208,285500,288417,174180,50716,165436,41230,54503,144168,36852,240043,57562,803434,295728,10883,337565,97410,226482,382403,28325,121096,18517,213420,1168760,75283,26552,273669,609312,39788,137417,16107
4/17/20,11696710,68735,41276,301842,70764,1803810,235395,111982,30692,27009,900430,351109,57390,53545,369630,155601,63773,73388,115584,129194,55182,206884,287779,291124,175771,51184,166876,41573,54913,145340,37154,242112,58037,810025,298127,10964,340369,98175,228240,385693,28573,122066,18625,215165,1178028,75890,26753,275891,613885,40122,138801,16240
4/18/20,11803450,69350,41594,304693,71327,1819913,237621,113105,31016,27209,909107,354060,57909,54016,373148,157011,64477,74033,116669,130434,55664,208732,290411,294105,177459,51661,168442,41939,55408,146753,37516,244472,58568,817408,300850,11060,343570,99058,230390,389465,28853,123180,18752,217165,1188033,76523,27013,278388,618747,40488,140267,16418
4/19/20,11914743,69968,41936,307743,71971,1836235,240134,114195,31352,27426,917868,357238,58432,54498,376699,158565,65155,74770,117842,131661,56171,210709,293161,297328,179196,52225,170091,42347,55930,148222,37894,246935,59142,825126,303717,11182,346938,99949,232544,393230,29183,124427,18910,219349,1198605,77233,27283,280992,623787,40896,141781,16572
4/20/20,12036379,70636,42246,310969,72641,1854250,243068,115419,31695,27673,927045,361224,59010,55034,380686,160248,65947,75538,119065,133097,56741,212996,296287,300878,181058,52720,171735,42735,56461,149645,38289,249638,59747,833457,306792,11298,350665,100926,234802,397593,29484,125734,19052,221691,1209826,77987,27527,283916,629803,41291,143399,16715
4/21/20,12154141,71315,42578,314213,73284,1870900,245534,116564,32052,27915,935952,365465,59573,55549,384611,161873,66706,76278,120332,134552,57349,215191,299301,304222,182790,53252,173406,43135,57005,151049,38731,252212,60367,841516,309892,11408,354178,101819,236925,401795,29750,126983,19190,223978,1220704,78787,27765,286815,635761,41678,145073,16868
4/22/20,12278758,71984,42908,317325,74043,1889489,248025,117819,32408,28180,945472,369231,60210,56061,388668,163577,67530,77084,121619,136098,57937,217443,302469,307643,184652,53873,175138,43528,57574,152691,39177,254910,60944,849931,313138,11515,357973,102884,239372,406030,30090,128348,19361,226288,1232635,79579,28052,289909,642030,42085,146811,17017
4/23/20,12405864,72710,43240,320629,74809,1907820,250632,119133,32764,28443,955059,373107,60768,56657,393051,165329,68337,77860,123031,137582,58536,219746,305598,311093,186643,54445,177013,43941,58106,154347,39603,257601,61618,858718,316826,11630,362041,103912,241685,410375,30428,129678,19497,228780,1244618,80384,28325,293023,648490,42497,148516,17190
4/24/20,12522221,73315,43569,323659,75491,1925144,253170,120331,33111,28706,963989,376471,61310,57146,397006,166899,69063,78654,124296,138857,59067,221931,308547,314420,188500,54970,178778,44316,58665,155676,39970,260139,62246,866845,319854,11708,365613,104890,243928,414412,30711,130881,19640,230913,1255130,81078,28589,295888,654470,42899,150045,17315
4/25/20,12637084,73985,43896,326800,76182,1943068,255482,121472,33443,28921,973100,379757,61818,57707,400932,168455,69788,79346,125570,140144,59618,224028,311334,317544,190149,55467,180476,44686,59171,157103,40322,262767,62869,874596,322927,11793,368974,105857,246053,418277,31009,132051,19790,233184,1265880,81727,28831,298616,659872,43280,151500,17467
4/26/20,12744041,74554,44262,329721,76802,1960279,257588,122547,33763,29117,981587,382920,62338,58192,404610,169927,70441,79992,126785,141409,60046,225900,313871,320391,191561,55954,181951,44977,59638,158494,40656,265118,63388,881888,325719,11898,372203,106710,248093,421875,31263,133165,19904,235233,1276153,82347,29033,301133,664461,43700,152847,17637
4/27/20,12852705,75158,44566,332521,77452,1976676,259861,123745,34082,29307,989890,386050,62804,58610,408361,171362,71207,80658,127921,142714,60552,227816,316681,323088,193077,56447,183534,45320,60127,159873,41027,267504,63898,889503,328627,12004,375617,107563,249981,425654,31514,134328,20043,237292,1286941,83000,29266,303681,669731,44059,154232,17780
4/28/20,12962179,75758,44862,335398,78025,1993147,262137,124841,34426,29570,998157,389106,63264,59074,412087,172817,71977,81368,129088,144060,61017,229798,319552,325888,194845,56944,185126,45647,60707,161193,41375,270034,64456,897054,331375,12121,378826,108407,251937,429393,31831,135482,20188,239350,1297864,83662,29508,306244,675173,44414,155678,17928
4/29/20,13074785,76366,45141,338627,78652,2010169,264361,125899,34772,29812,1006621,392324,63749,59554,416047,174333,72774,82097,130340,145406,61533,231862,322356,328641,196588,57433,186752,45999,61218,162696,41732,272513,65031,904830,334476,12213,382132,109269,254017,433358,32148,136660,20345,241414,1308671,84388,29746,308803,680911,44783,157169,18054
4/30/20,13175588,76936,45416,341377,79153,2025527,266372,126928,35029,30052,1013947,395401,64219,59977,419547,175798,73408,82714,131403,146552,61992,233695,325026,331427,198334,57871,188174,46301,61714,163991,42103,274808,65520,911955,337044,12318,385140,109977,255860,436633,32422,137730,20465,243221,1318114,84989,29981,311154,686160,45129,158398,18186
5/01/20,13272241,77423,45635,343837,79660,2040247,268346,127876,35324,30281,1020702,398138,64617,60377,422863,177201,74041,83295,132450,147577,62476,235561,327650,334303,199847,58289,189502,46585,62126,165228,42412,276914,66019,919022,339580,12386,388275,110685,257605,439884,32651,138682,20572,244975,1327267,85535,30182,313457,691275,45470,159619,18317
5/02/20,13374216,77953,45949,346802,80190,2056626,270437,128862,35589,30490,1028515,401018,65122,60847,426204,178468,74673,83917,133454,148734,63004,237346,330205,337038,201354,58766,190817,46927,62629,166574,42739,279229,66589,926038,342215,12476,391222,111491,259642,443307,32908,139839,20687,246834,1336989,86150,30381,315776,696058,45799,160896,18441
5/03/20,13486117,78617,46261,349984,80830,2073423,272678,129875,35928,30728,1037374,404349,65633,61368,430191,179984,75356,84662,134701,150147,63627,239312,332781,340003,203032,59250,192375,47320,63091,167982,43098,281700,67168,933981,345121,12563,394472,112399,261924,447129,33173,141022,20812,248840,1347909,86801,30582,318383,701150,46163,162272,18593
5/04/20,13601803,79289,46610,353168,81506,2090373,275062,130979,36282,30973,1046177,407626,66103,61885,433804,181543,76070,85411,135909,151516,64196,241406,335833,343260,204774,59802,194101,47743,63629,169396,43470,284224,67806,942074,348145,12665,397953,113428,264059,451195,33490,142288,20966,250908,1359133,87455,30809,321192,706901,46608,163867,18741
5/05/20,13724102,80013,46912,356607,82189,2108180,277582,132294,36644,31209,1055471,411008,66639,62415,438073,183317,76969,86143,137192,152916,64829,243577,338987,346540,206720,60355,195913,48137,64205,170821,43938,286749,68439,950525,351338,12777,401798,114406,266357,455521,33861,143583,21077,253149,1370515,88154,31067,324294,713130,47073,165608,18886
5/06/20,13848764,80736,47230,360052,82845,2126105,280136,133510,37045,31485,1064809,414511,67167,62903,442371,184960,77827,86914,138531,154382,65453,245959,342252,349825,208698,60917,197803,48521,64800,172260,44359,289603,69094,959225,354616,12884,405785,115353,268654,459829,34184,145026,21212,255505,1382610,88890,31336,327297,719455,47547,167233,19060
5/07/20,13967566,81399,47537,363395,83506,2143701,282640,134663,37353,31767,1073374,417804,67647,63419,446325,186534,78651,87734,139835,155793,66015,248062,345278,353079,210519,61451,199556,48909,65389,173795,44765,292124,69671,967700,357834,13004,409373,116336,270889,463810,34506,146283,21347,257726,1393966,89698,31567,330096,725705,47987,168822,19227
5/08/20,14067296,81972,47787,366005,84077,2158436,284702,135697,37634,32011,1080607,420535,68085,63784,449744,187858,79341,88411,140877,156907,66544,249890,347903,355864,212021,61903,201107,49216,65918,174974,45081,294315,70170,975047,360366,13088,412404,117096,272777,467658,34758,147333,21472,259501,1403055,90271,31795,332489,730977,48318,170156,19359
